ID,name,glottocode,glottolog_name,iso,macroarea,family
abvd-19,Canala,xara1244,,ane,,
abvd-482,Savu (1773),sabu1255,,hvn,,
abvd-1108,Tasmate,tasm1246,,tmt,,
abvd-317,Pondok,,,,,
abvd-1484,Aro,arho1237,,aok,,
abvd-1446,"Mekeo, North-West",meke1243,,mek,,
abvd-1356,Malasanga,mala1487,,mqz,,
abvd-649,Lungchow,nung1283,,,,
abvd-1029,Neve'ei,vinm1237,,vnm,,
abvd-794,Pingilapese,ping1243,,pif,,
abvd-625,Bajo (Moramo),indo1317,,bdl,,
abvd-1243,Neverver (Lingarak - Mindu),ling1265,,lgk,,
abvd-1028,Kwamera (Isiai),kwam1252,,tnk,,
abvd-390,Torau,tora1259,,ttu,,
abvd-1488,Jawe,jawe1237,,jaz,,
abvd-205,Lahanan,laha1253,,lhn,,
abvd-1426,Bunama,buna1276,,bdd,,
abvd-901,Mori Bawah (Soroako),mori1268,,xmz,,
abvd-589,Manihiki,raka1237,,rkh,,
abvd-524,Mbilua,bilu1245,,blb,,
abvd-547,Talise,tali1259,,tlr,,
abvd-200,Yakan,yaka1277,,yka,,
abvd-1284,Venen Taute (Unmet),bign1238,,nmb,,
abvd-381,Wedau,weda1241,,wed,,
abvd-1039,Ikiti,sout2869,,nwi,,
abvd-397,Gabadi,abad1241,,kbt,,
abvd-892,Mori Atas (Tambee),mori1269,,mzq,,
abvd-201,Carolinian,caro1242,,cal,,
abvd-709,Proto-Bisayan,bisa1268,,,,
abvd-829,Old Japanese,nucl1643,,jpn,,
abvd-1307,Nese (Matanvat),,,,,
abvd-742,Atayal - C'uli' L04 (Mayrinax),atay1247,,tay,,
abvd-424,"Isneg, Dibagat-Kabugao-Isneg",isna1241,,isd,,
abvd-1248,Unua (Mbatumbo),unua1237,,onu,,
abvd-1306,Uripiv (Potnambwe),urip1239,,upv,,
abvd-43,Aklanon - Bisayan,akla1241,,akl,,
abvd-1239,Novol (Usus - Dixon Reef),lete1241,,nms,,
abvd-694,Paha,baha1256,,yha,,
abvd-1008,Lamenu (Visina),lame1260,,lmu,,
abvd-1026,Lonwolwol,lonw1238,,crc,,
abvd-696,Lemerig,leme1238,,lrz,,
abvd-783,Samar-Leyte,wara1300,,war,,
abvd-1093,Aulua,aulu1238,,aul,,
abvd-1171,Sa,saaa1241,,sax,,
abvd-1010,Akei (Penantsiro),akei1237,,tsr,,
abvd-1269,Iraya,iray1237,,iry,,
abvd-64,Nukuoro,nuku1260,,nkr,,
abvd-1478,Kayan,,,,,
abvd-551,Varisi (Ghone),vari1239,,vrs,,
abvd-97,Nauru,naur1243,,nau,,
abvd-1030,Emae (Makatea),emae1237,,mmw,,
abvd-655,Palembang Malay,mala1479,,zlm,,
abvd-447,"Subanun, Sindangan",cent2089,,syb,,
abvd-401,Riwo,,,,,
abvd-1027,Tangoa,tang1347,,tgp,,
abvd-107,Ogan,cent2053,,pse,,
abvd-1160,Banam Bay (Lepaxsivir),burm1263,,vrt,,
abvd-1107,Lamenu,lame1260,,lmu,,
abvd-582,Bauro (Baroo Village),baur1252,,bxa,,
abvd-514,Kahua (Mami),kahu1241,,agw,,
abvd-591,Tarangan Barat (Feruni),west2538,,txn,,
abvd-1235,Letemboi (Nevatanyene),lete1241,,nms,,
abvd-1013,Lapwangtoai,sout2869,,nwi,,
abvd-797,Proto-Sumba-Hawu,,,,,
abvd-423,Inibaloi,ibal1244,,ibl,,
abvd-1273,Buhid,buhi1245,,bku,,
abvd-485,Nāti,nati1244,,,,
abvd-915,Waru,waru1266,,wru,,
abvd-31,Kakiduge:n Ilongot,ilon1239,,ilk,,
abvd-471,Iaai,iaai1238,,iai,,
abvd-1434,Hula,hula1239,,hul,,
abvd-1119,Futuna-Aniwa (Futuna),futu1245,,fut,,
abvd-1294,Uripiv (D'urpif 1),urip1239,,upv,,
abvd-79,Mussau,muss1246,,emi,,
abvd-977,Yi (Powu),sich1238,,iii,,
abvd-629,Bajo (Lakonea),indo1317,,bdl,,
abvd-1393,Nyindrou,nyin1250,,lid,,
abvd-760,Pazih LTs (Auran),kulo1237,,uun,,
abvd-1281,ßatarxobu (Limsak),,,,,
abvd-380,Vilirupu,sina1266,,snc,,
abvd-1159,Mae,maee1241,,mme,,
abvd-1222,Avava (Khatbol),katb1237,,tmb,,
abvd-309,North Babar,nort2860,,bcd,,
abvd-334,Yabem,yabe1254,,jae,,
abvd-821,Seediq L04 (Toda),taro1264,,trv,,
abvd-1338,Batuley,batu1258,,bay,,
abvd-175,Chuukese,chuu1238,,chk,,
abvd-944,Southwestern Mandarin (Bijie),mand1415,,cmn,,
abvd-703,Japanese (Kyoto),nucl1643,,jpn,,
abvd-998,East Kara (Lemakot),kara1486,,leu,,
abvd-1103,Lamenu (Nul),lame1260,,lmu,,
abvd-325,Gaura Nggaura,kodi1247,,kod,,
abvd-928,En (Nung Ven),ennn1243,,enc,,
abvd-637,Papora Ts82,papo1239,,ppu,,
abvd-441,"Manobo, Western Bukidnon",west2555,,mbb,,
abvd-895,Mori Bawah (Bahano),mori1268,,xmz,,
abvd-1059,Paama (Faulili),paam1238,,pma,,
abvd-1285,Vao (Torono),vaoo1237,,vao,,
abvd-962,Bugan (Manlong),buga1247,,bbh,,
abvd-419,"Ifugao, Amganad",amga1235,,ifa,,
abvd-1512,‘Aragùrɛ,xara1243,,axx,,
abvd-1065,Vurës (Mosina),vure1239,,msn,,
abvd-495,Bundu Dusun (Central Dusun),cent2100,,dtp,,
abvd-294,'Auhelawa,auhe1237,,kud,,
abvd-144,Western Bukidnon Manobo,west2555,,mbb,,
abvd-1001,Vao,vaoo1237,,vao,,
abvd-894,Mori Atas (Wulanderi),mori1269,,mzq,,
abvd-718,Proto-Austronesian (Zorc),aust1307,,,,
abvd-844,Qinzhou,cent2009,,zch,,
abvd-445,"Sangil, Saragani Islands",sang1337,,snl,,
abvd-320,Anakalang,anak1240,,akg,,
abvd-311,Serili,seri1255,,sve,,
abvd-854,Sahu,sahu1245,,saj,,
abvd-35,Erai,iliu1237,,ilu,,
abvd-836,Guangnan Nong,yong1275,,zyn,,
abvd-662,"Thai, Siamese",thai1261,,tha,,
abvd-1287,Venen Taute (Hamax),bign1238,,nmb,,
abvd-412,"Batak, Palawan",bata1301,,bya,,
abvd-1262,Ayta Abellen,aben1249,,abp,,
abvd-681,Kankanaey,kank1243,,kne,,
abvd-643,Sa (south-eastern dialect),saaa1241,,sax,,
abvd-1451,Roro,waim1251,,rro,,
abvd-940,Tuzu 土族语,tuuu1240,,mjg,,
abvd-219,Molima,moli1248,,mox,,
abvd-1204,Lahat (Central Malay),cent2053,,pse,,
abvd-712,Lundayeh,lund1271,,lnd,,
abvd-1317,Tirax (Mae A),maee1241,,mme,,
abvd-231,Numbami (Siboma),numb1247,,sij,,
abvd-114,Rejang Rejang,reja1240,,rej,,
abvd-837,Guigang,cent2009,,zch,,
abvd-36,"Bontok, Guina-ang",cent2292,,lbk,,
abvd-438,"Manobo, Kalamansig Cotabato (Paril Dialect)",cota1241,,mta,,
abvd-849,Yongnan,cent2009,,zch,,
abvd-1498,Poai,fwai1237,,fwa,,
abvd-1210,Nasal,nasa1239,,nsy,,
abvd-1280,ßatarxobu (Lipitav),,,,,
abvd-674,Tolaki,tola1247,,lbw,,
abvd-793,Urak Lawoi',urak1238,,urk,,
abvd-181,Punan Kelai,sega1243,,sge,,
abvd-597,"Komering (Ulu), Perjaya Village",kome1238,,kge,,
abvd-1208,"Bikol, West Albay",alba1269,,fbl,,
abvd-508,Kubokota,ghan1242,,ghn,,
abvd-804,Bunun (Takbanuaz),bunu1267,,bnn,,
abvd-270,Proto-Oceanic (Blust),ocea1241,,,,
abvd-72,Likum,liku1243,,lib,,
abvd-439,"Manobo, Sarangani, Kayaponga Dialect",sara1327,,mbs,,
abvd-20,Javanese,java1254,,jav,,
abvd-752,Tomini (Tialo),tomi1243,,txm,,
abvd-467,Ilonggo,hili1240,,hil,,
abvd-458,Iranun,iran1262,,ill,,
abvd-457,Naman,litz1237,,lzl,,
abvd-1347,Biliau,awad1244,,bcu,,
abvd-1070,Baetora,baet1237,,btr,,
abvd-17,Bonerate,bone1254,,bna,,
abvd-433,Mamanwa,mama1275,,mmn,,
abvd-28,Iban,iban1264,,iba,,
abvd-1145,Baetora (Navenevene),baet1237,,btr,,
abvd-1261,Umiray Dumaget,umir1236,,due,,
abvd-667,Khmer,cent1989,,khm,,
abvd-596,"Komering (Ilir), Palau Gemantung Village",kome1238,,kge,,
abvd-736,Sui,suii1243,,swi,,
abvd-713,Yogad,yoga1237,,yog,,
abvd-450,"Tagbanwa, Aborlan Dialect",cent2090,,tgt,,
abvd-1482,Ajiø,ajie1238,,aji,,
abvd-1112,Lenakel (Lonasilian),lena1238,,tnl,,
abvd-1012,Uripiv-Wala-Rano-Atchin (Uripiv),urip1239,,upv,,
abvd-1054,Uripiv-Wala-Rano-Atchin (Tautu),urip1239,,upv,,
abvd-588,Lau (North),lauu1247,,llu,,
abvd-923,Mortlockese (Lukunosh),mort1237,,mrl,,
abvd-1334,Mumeng (Patep dialect),pate1247,,ptp,,
abvd-1198,Ainu,ainu1251,,aib,,
abvd-1506,ʝalasu,bala1316,,,,
abvd-806,Paiwan (Butanglu L04),paiw1248,,pwn,,
abvd-608,Lampung Api (Sungkai),lamp1243,,ljp,,
abvd-1455,Suau,suau1242,,swp,,
abvd-907,Padoe,pado1242,,pdo,,
abvd-1303,Rano (Potora),urip1239,,upv,,
abvd-1250,Neve'ei (Vinmavis),vinm1237,,vnm,,
abvd-1129,Dorig,weta1242,,wwo,,
abvd-1388,Mbunai,tita1241,,ttv,,
abvd-469,Tolo,tali1259,,tlr,,
abvd-739,Proto-Hmong-Mien,hmon1336,,,,
abvd-782,Lachi (Tân Lợi),whit1266,,lwh,,
abvd-976,Biao (Fengkai),biao1253,,byk,,
abvd-3,Banggi,bong1289,,bdg,,
abvd-967,Pa Na,,,,,
abvd-1110,"Efate, South (Eratap)",sout2856,,erk,,
abvd-530,Mono (Alu),mono1273,,mte,,
abvd-318,Kodi,kodi1247,,kod,,
abvd-843,Ningming,yong1275,,zyn,,
abvd-878,Bungku (Routa),bung1269,,bkz,,
abvd-1403,Uliveo (Palongk) 162-104,mask1242,,klv,,
abvd-1493,Nenema,kuma1276,,nee,,
abvd-1411,Navwien 162-87,,,,,
abvd-206,Rennellese,renn1242,,mnv,,
abvd-936,Mulam (Siba),mula1253,,mlm,,
abvd-720,Kavalan LTs,kava1241,,ckv,,
abvd-356,Vano,vano1237,,vnk,,
abvd-178,Patpatar,patp1243,,gfk,,
abvd-687,Romblon,romb1245,,rol,,
abvd-1071,Vovo,vovo1238,,,,
abvd-561,Longgu,long1395,,lgu,,
abvd-242,Ifira-Mele (Mele-Fila),mele1250,,mxe,,
abvd-449,Tagabili,tbol1240,,tbl,,
abvd-1094,Axamb (Avok),axam1237,,ahb,,
abvd-1221,Avava (Tisvel),katb1237,,tmb,,
abvd-1522,Lasalimu,,,llm,,
abvd-912,Tolaki (Mekongga),tola1247,,lbw,,
abvd-1517,Siraya UM (Utrecht Manuscript) dialect,sira1267,,fos,,
abvd-406,Chru,chru1239,,cje,,
abvd-47,Bikol (Naga City),cent2087,,bcl,,
abvd-453,Nahavaq,sout2857,,sns,,
abvd-1350,Nenaya,mato1252,,met,,
abvd-375,Vaeakau-Taumako,pile1238,,piv,,
abvd-1031,Bieria (Vowa),bier1246,,brj,,
abvd-830,"Cham, Western",west2650,,cja,,
abvd-933,Tai Mene,taim1250,,tmp,,
abvd-330,"East Sumbanese, Umbu Ratu Nggai dialect",kamb1299,,xbr,,
abvd-986,Mentawai (Sioban),ment1249,,mwv,,
abvd-884,Kulisusu,kuli1254,,vkl,,
abvd-1170,Uripiv-Wala-Rano-Atchin (Pinalum),urip1239,,upv,,
abvd-1069,Uripiv-Wala-Rano-Atchin (Uri),urip1239,,upv,,
abvd-1299,Wala (Worprev A),urip1239,,upv,,
abvd-931,Gelao (Yueliangwan),whit1267,,giw,,
abvd-1245,Pangkumu (Ndarmif),rere1240,,pgk,,
abvd-628,Bajo (Kaleroang),indo1317,,bdl,,
abvd-1251,Tesmbol (Usus),,,,,
abvd-771,She (Haifeng),shee1238,,shx,,
abvd-1042,Amblong,ambl1237,,alm,,
abvd-1077,Vera'a (Vatrata),vera1241,,vra,,
abvd-599,Lampung Api (Daya),lamp1243,,ljp,,
abvd-314,Emplawas,empl1237,,emw,,
abvd-717,Chadong,chad1240,,cdy,,
abvd-726,Bunun (Takituduh L88),bunu1267,,bnn,,
abvd-748,Totoli,toto1304,,txe,,
abvd-199,Alune,alun1238,,alp,,
abvd-647,Halia (Selau),hali1244,,hla,,
abvd-74,Lou,louu1245,,loj,,
abvd-430,"Kallahan, Kayapa Proper",kaya1320,,kak,,
abvd-400,Matukar,matu1261,,mjk,,
abvd-122,Selaru,sela1259,,slu,,
abvd-204,"Lio, Flores Tongah",lioo1240,,ljl,,
abvd-576,Sa'a (A'ulu Village),saaa1240,,apb,,
abvd-1055,Mele,mele1250,,mxe,,
abvd-161,Koiwai (Irian Jaya),kowi1239,,kwh,,
abvd-180,Pulau (Arguni),argu1237,,agf,,
abvd-835,Fusui (Central),cent2009,,zch,,
abvd-509,Luqa,lung1249,,lga,,
abvd-123,Sengseng,seng1281,,ssz,,
abvd-1495,Nɛmi,nemi1240,,nem,,
abvd-235,Penrhyn,penr1237,,pnh,,
abvd-1064,Shark Bay,shar1244,,ssv,,
abvd-1447,Proto Central Papuan,cent2070,,,,
abvd-288,Ilokano,ilok1237,,ilo,,
abvd-1121,Banam Bay (Burmbar),burm1263,,vrt,,
abvd-142,Waropen,waro1242,,wrp,,
abvd-740,Proto-Malayic,mala1538,,,,
abvd-1274,Hanunoo,hanu1241,,hnn,,
abvd-1100,Butmas-Tur (Butmas),butm1237,,bnr,,
abvd-1178,Malua Bay (Petarmur),malu1245,,mll,,
abvd-333,Komering,kome1238,,kge,,
abvd-1257,Ayta Mag-antsi,maga1263,,sgb,,
abvd-927,Laha (Noong Lay),laha1250,,lha,,
abvd-100,Ngadha,ngad1261,,nxg,,
abvd-1456,Sudest,sude1239,,tgo,,
abvd-240,Bolaang Mongondow,mong1342,,mog,,
abvd-751,Biao (Shidong),biao1253,,byk,,
abvd-298,Perai,pera1257,,wet,,
abvd-85,Maori,maor1246,,mri,,
abvd-1141,Ura,urav1235,,uur,,
abvd-1319,Tirax (Mae B),maee1241,,mme,,
abvd-909,Tolaki (Asera),tola1247,,lbw,,
abvd-440,"Manobo, Tigwa, Iglogsad Dialect",mati1250,,mbt,,
abvd-379,Sou Amana Teru,tule1244,,tlu,,
abvd-300,Galolen (Talur),galo1243,,gal,,
abvd-91,Mengen,meng1267,,mee,,
abvd-1419,Uliveo (Peskaros) 162-105,mask1242,,klv,,
abvd-1386,Tulu,tulu1259,,rak,,
abvd-1354,Sialum,sial1240,,slw,,
abvd-1041,Bierebo (Bonkovia),bier1244,,bnk,,
abvd-1092,Mota,mota1237,,mtt,,
abvd-353,Asumboa,asum1237,,aua,,
abvd-1045,Mae (Orap),maee1241,,mme,,
abvd-241,Thao B96,thao1240,,ssf,,
abvd-1098,"Efate, North (Woraviu)",nort2836,,llp,,
abvd-747,Proto-Mienic,mien1242,,,,
abvd-917,Wawonii,wawo1239,,wow,,
abvd-1202,Bola,bola1250,,bnp,,
abvd-1454,Sewa,sewa1251,,sew,,
abvd-930,Gelao (Bigong),redg1235,,gir,,
abvd-420,"Ifugao, Batad",bata1298,,ifb,,
abvd-1130,Mwotlap,motl1237,,mlv,,
abvd-553,Laghu (Samasodu),lagh1246,,lgb,,
abvd-803,Bunun (Takituduh L04),bunu1267,,bnn,,
abvd-313,Central Masela,cent2072,,mxz,,
abvd-357,Tanema,tane1237,,tnx,,
abvd-741,Rhade,rade1240,,rad,,
abvd-253,Anuta,anut1237,,aud,,
abvd-761,Mulam (Dongmen),mula1253,,mlm,,
abvd-834,Debao,yong1275,,zyn,,
abvd-941,Eastern Yugu 东部裕固语,east2337,,yuy,,
abvd-833,Daxin,yong1275,,zyn,,
abvd-1348,Roinji,ronj1237,,roe,,
abvd-415,Binukid,binu1244,,bkd,,
abvd-1089,Baetora (Tam),baet1237,,btr,,
abvd-55,Kasira (Irahutu),irar1238,,irh,,
abvd-627,Bajo (Lakaramba),indo1317,,bdl,,
abvd-6,Gayo,gayo1244,,gay,,
abvd-1397,Natangan (Mbonvor) 162-86,lete1241,,nms,,
abvd-1500,Poapoã,pwap1237,,pop,,
abvd-700,Gelao (Sanchong),gree1278,,giq,,
abvd-213,Kwara'ae (Solomon Islands'),kwar1239,,kwf,,
abvd-716,Mak (Yangfeng),makc1235,,mkg,,
abvd-364,Siar,siar1238,,sjr,,
abvd-232,Modang,moda1244,,mxd,,
abvd-790,Asilulu,asil1242,,asl,,
abvd-1183,Enggano,engg1245,,eno,,
abvd-1133,Sakao,saka1289,,sku,,
abvd-1169,V'ënen Taut (Leviamp),bign1238,,nmb,,
abvd-1038,Daakaka (Baiap),daka1243,,bpa,,
abvd-899,Mori Bawah (Petasia),mori1268,,xmz,,
abvd-366,Takia,taki1248,,tbc,,
abvd-1389,Baluan,balu1257,,blq,,
abvd-728,Gelao (Judu),whit1267,,giw,,
abvd-754,Lakkja (Jinxiu),lakk1238,,lbc,,
abvd-1136,Lemerig (Bek),leme1238,,lrz,,
abvd-1066,Unua,unua1237,,onu,,
abvd-542,Malango,mala1484,,mln,,
abvd-1212,Nukeria,nuku1259,,nur,,
abvd-1449,Proto Papuan Tip,papu1253,,,,
abvd-1316,Mbwenelang (Xoli),,,,,
abvd-210,"Futuna, East",east2447,,fud,,
abvd-1402,Na'axai (Malfaxal) 162-84,malf1237,,mlx,,
abvd-1395,Akolet,akol1237,,akt,,
abvd-885,Mori Atas (Doule),mori1269,,mzq,,
abvd-1123,Löyöp,leha1244,,urr,,
abvd-470,Merei,mere1242,,lmb,,
abvd-791,Lachi (Jinchang),whit1266,,lwh,,
abvd-448,"Subanon, Siocon",west2557,,suc,,
abvd-435,"Manobo, Ata (down-river)",atam1240,,atd,,
abvd-1432,Ghayavi,ghay1237,,bmk,,
abvd-1349,Bali-Vitu,unea1237,,bbn,,
abvd-1191,Bangka Malay,bang1365,,mfb,,
abvd-27,Muna (Katobu-Tongkuno Dialect),muna1247,,mnb,,
abvd-1139,Whitesands (Iarkei),whit1269,,tnp,,
abvd-1430,"Mekeo, East",meke1243,,mek,,
abvd-1,Balinese,bali1278,,ban,,
abvd-1346,Wab,wabb1237,,wab,,
abvd-1345,Siŋorakai,mala1487,,mqz,,
abvd-1497,Pinje,pije1237,,piz,,
abvd-1229,Na:ti (Windua),nati1244,,,,
abvd-104,Nias,nias1242,,nia,,
abvd-565,Mbaengguu,baeg1237,,bvd,,
abvd-465,Araki (Southwest Santo),arak1252,,akr,,
abvd-548,Mbirao,bira1254,,brr,,
abvd-1155,Aneityum,anei1239,,aty,,
abvd-947,Qabiao (Phó Là),qabi1235,,laq,,
abvd-1504,Ciri,tiri1258,,cir,,
abvd-203,Kanakanabu F69,kana1286,,xnb,,
abvd-110,Paulohi,paul1238,,plh,,
abvd-1201,Jiamao,jiam1236,,jio,,
abvd-265,Palawan Batak,broo1239,,plw,,
abvd-444,"Sambal, Botolan",boto1242,,sbl,,
abvd-1080,"Maewo, Central (Peterara)",cent2058,,mwo,,
abvd-577,Maringe (Kmagha),chek1238,,mrn,,
abvd-1131,"Ambrym, North (Fonah)",nort2839,,mmg,,
abvd-876,Bungku,bung1269,,bkz,,
abvd-613,Komering (Kayu Agung Pendatang),kome1238,,kge,,
abvd-1453,Sinaugoro (Saroa Dialect),sina1266,,snc,,
abvd-1113,Navut (Matae),navu1237,,nsw,,
abvd-197,"Elat, Kei Besar",band1355,,bnd,,
abvd-1099,Letemboi,lete1241,,nms,,
abvd-1427,Bwaidoga,bwai1242,,bwd,,
abvd-316,Imroing,imro1237,,imr,,
abvd-984,Mentawai (Bariulou),ment1249,,mwv,,
abvd-937,Lakkja (Liula),lakk1238,,lbc,,
abvd-724,Ong Be (Lincheng),ling1262,,onb,,
abvd-216,Mailu,mail1248,,mgu,,
abvd-194,Bonfia,masi1266,,bnf,,
abvd-693,Buyang (Ecun),baha1256,,yha,,
abvd-990,Mentawai (Boriai),ment1249,,mwv,,
abvd-575,Sa'a (Sa'a Village),saaa1240,,apb,,
abvd-1337,Wogeo,woge1237,,woc,,
abvd-228,"Tanna, Southwest",sout2869,,nwi,,
abvd-1185,Mentawai (Pagai and Sipora),ment1249,,mwv,,
abvd-972,Mori Bawah (Tofatu),mori1268,,xmz,,
abvd-1474,Lepo' Sawa,main1275,,xkl,,
abvd-796,Proto-Sangiric,sang1335,,,,
abvd-456,Avava,katb1237,,tmb,,
abvd-1414,Uliveo (Pescaros) 162-106,mask1242,,klv,,
abvd-1211,Arta,arta1239,,atz,,
abvd-1372,Ninigo,seim1238,,ssg,,
abvd-23,Kis,kiss1246,,kis,,
abvd-367,Sudest,sude1239,,tgo,,
abvd-685,Maguindanaon,magu1243,,mdh,,
abvd-252,Isamorong,ivat1242,,ivv,,
abvd-271,Puyuma (Chihpen F69),puyu1239,,pyu,,
abvd-814,Rukai (Maga L04),ruka1240,,dru,,
abvd-331,Old Chinese,oldc1244,,,,
abvd-1234,Letemboi (Natingatlang North),lete1241,,nms,,
abvd-766,Mulao,gela1264,,,,
abvd-1479,Paicî,,,pri,,
abvd-304,Serua,seru1245,,srw,,
abvd-619,Bajo (Kolo Bawah),indo1317,,bdl,,
abvd-559,Bellona,renn1242,,mnv,,
abvd-612,Lampung Api (Jabung),lamp1243,,ljp,,
abvd-1266,Botolan Sambal,boto1242,,sbl,,
abvd-183,Sangir,sang1336,,sxn,,
abvd-408,Tagalog (Anthony dela Paz),taga1270,,tgl,,
abvd-1380,Jiriw,nali1245,,nss,,
abvd-1192,Jambi Malay,jamb1236,,jax,,
abvd-939,Dongxiang 东乡语,dong1285,,sce,,
abvd-746,Proto-Hmongic,hmon1337,,,,
abvd-603,Lampung Api (Belalau),lamp1243,,ljp,,
abvd-202,"Bunun F69, Southern",bunu1267,,bnn,,
abvd-1391,Avau,avau1237,,avb,,
abvd-38,Marquesan,nort2845,,mrq,,
abvd-427,"Ivatan, Basco Dialect",ivat1242,,ivv,,
abvd-369,Basay TsYM91,basa1287,,byq,,
abvd-994,Simeulue,sime1241,,smr,,
abvd-699,Gelao (Wanzi),gree1278,,giq,,
abvd-714,Ai-Cham (Diwo),aich1238,,aih,,
abvd-1132,Wusi (Kerepua),wusi1237,,wsi,,
abvd-697,Proto-Lakkja,lakk1238,,lbc,,
abvd-1310,Siviti (Womol),,,,,
abvd-966,Mang (Jinping),mang1378,,zng,,
abvd-911,Tolaki (Laiwui),tola1247,,lbw,,
abvd-26,Motu,motu1246,,meu,,
abvd-1485,Arʃa,arha1237,,aqr,,
abvd-312,East Masela,east2462,,vme,,
abvd-1101,Morouas,moro1286,,mrp,,
abvd-377,Haku,hako1237,,hao,,
abvd-1272,Batangan,buhi1245,,bku,,
abvd-824,Tsou (Duhtu L04),tsou1248,,tsu,,
abvd-672,"Kalinga, Limos",limo1248,,kmk,,
abvd-129,Tabar,mand1440,,tbf,,
abvd-22,Timugon (Murut),timu1262,,tih,,
abvd-436,"Manobo, Dibabawon",diba1242,,mbd,,
abvd-926,Red Gelao (Vietnam),redg1235,,gir,,
abvd-395,Lala,lala1268,,nrz,,
abvd-51,Bwaidoga,bwai1242,,bwd,,
abvd-951,Proto-Lolo-Burmese,lolo1265,,,,
abvd-1366,Tetun Fehan,tetu1245,,tet,,
abvd-604,Lampung Api (Way Kanan),lamp1243,,ljp,,
abvd-1134,Wetamut,weta1242,,wwo,,
abvd-238,Luangiua,onto1237,,ojv,,
abvd-737,Santali,sant1410,,sat,,
abvd-1151,Polonombauk,shar1244,,ssv,,
abvd-1494,Neŋone,neng1238,,nen,,
abvd-42,Atoni,uabm1237,,aoz,,
abvd-1277,Sogodnin (Iloilo),atii1237,,atk,,
abvd-1471,Uma' Pawe,,,,,
abvd-581,Bauro (Pawa Village),baur1252,,bxa,,
abvd-222,Ubir,ubir1237,,ubr,,
abvd-1438,Koluwawa,kolu1245,,klx,,
abvd-1421,Avok (Avok) 162-99,axam1237,,ahb,,
abvd-1146,Uripiv-Wala-Rano-Atchin (Wala),urip1239,,upv,,
abvd-916,Waru (Lalomerui),waru1266,,wru,,
abvd-14,Bima,bima1247,,bhp,,
abvd-96,Nauna,naun1237,,ncn,,
abvd-587,Lau (Walade),lauu1247,,llu,,
abvd-795,Proto-Minahasan,mina1272,,,,
abvd-557,Oroha,oroh1237,,ora,,
abvd-166,Makassar,maka1311,,mak,,
abvd-974,Yao (Lianmin),,,,,
abvd-349,Chuukese,chuu1238,,chk,,
abvd-1216,Ninde (Opmomba),labo1244,,mwi,,
abvd-40,Ambai (Yapen),amba1265,,amk,,
abvd-57,Kayupulau [Kajupulau],kayu1243,,kzu,,
abvd-24,Mor,morm1235,,mhz,,
abvd-889,Mori Atas (Molio'A),mori1269,,mzq,,
abvd-347,Woleaian,wole1240,,woe,,
abvd-811,Puyuma (Katipul L04),puyu1239,,pyu,,
abvd-775,Mien (Changping),biao1256,,bmt,,
abvd-1157,"Efate, North (Nguna)",nort2836,,llp,,
abvd-1515,ⁿDe’u,dehu1237,,dhv,,
abvd-910,Tolaki (Konawe),tola1247,,lbw,,
abvd-418,Gaddang,gadd1244,,gad,,
abvd-1351,Takia,taki1248,,tbc,,
abvd-863,Angkola / Mandailing,bata1290,,akb,,
abvd-121,Seimat,seim1238,,ssg,,
abvd-1331,Dobel (Koijabi dialect),dobe1238,,kvo,,
abvd-119,Savu,sabu1255,,hvn,,
abvd-1081,Banam Bay (Vartavo),burm1263,,vrt,,
abvd-1114,Wailapa,wail1242,,wlr,,
abvd-1476,Badeng,,,,,
abvd-1490,Koumac,kuma1276,,nee,,
abvd-881,Bungku (Waia),bung1269,,bkz,,
abvd-590,Kuot,kuot1243,,kto,,
abvd-1332,Kola,kola1285,,kvv,,
abvd-1424,Sinaugoro (Balawaia Dialect),sina1266,,snc,,
abvd-98,Nehan Hape,neha1247,,nsn,,
abvd-825,Kanakanabu L04,kana1286,,xnb,,
abvd-842,Longzhou,yong1275,,zyn,,
abvd-820,Seediq L04 (Paran),taro1264,,trv,,
abvd-642,Apma (Suru Kavian),apma1240,,app,,
abvd-1365,Naueti,naue1237,,nxa,,
abvd-398,Solos,solo1257,,sol,,
abvd-1353,Mindiri,mind1255,,mpn,,
abvd-1418,Avok (Avok) 162-101,axam1237,,ahb,,
abvd-486,Lamalera (lembata),lama1278,,lmr,,
abvd-1400,Avok (Hokai) 162-98,axam1237,,ahb,,
abvd-945,"Gelao, Hongfeng",whit1267,,giw,,
abvd-1207,Mangaia,raro1241,,rar,,
abvd-840,Lianshan,cent2009,,zch,,
abvd-510,Sivisa Titan,tita1241,,ttv,,
abvd-1076,"Efate, North (Siviri)",nort2836,,llp,,
abvd-344,Marshallese,mars1254,,mah,,
abvd-487,Kadorih,otda1235,,otd,,
abvd-1290,Malua Bay (Petarmul 1),malu1245,,mll,,
abvd-159,Kilivila,kili1267,,kij,,
abvd-993,Enggano (Meok),engg1245,,eno,,
abvd-146,Wogeo,woge1237,,woc,,
abvd-1396,Na'ahai (Mbatvanui) 162-85,malf1237,,mlx,,
abvd-845,Shanglin,cent2009,,zch,,
abvd-946,Proto-Seko,,,,,
abvd-636,Hoanya Ts82,papo1239,,ppu,,
abvd-531,Lengo (Ghaimuta),leng1259,,lgr,,
abvd-1462,Roon,roon1237,,rnn,,
abvd-692,Proto-Hlai (Norquest),hlai1238,,,,
abvd-1370,Novol (Bangir),,,nms,,
abvd-850,Chongzuo,yong1275,,zyn,,
abvd-1163,Fila,mele1250,,mxe,,
abvd-1203,Bulu,bulu1253,,bjl,,
abvd-857,East Makian,east2440,,mky,,
abvd-1286,"Siviti (Beterbu, Jericho)",,,,,
abvd-1373,Awa,wuvu1239,,wuv,,
abvd-75,Madurese,nucl1460,,mad,,
abvd-132,Tarpia,tarp1240,,tpf,,
abvd-1142,"Ambrym, Southeast (Toak)",sout2859,,tvk,,
abvd-519,Lavukaleve,lavu1241,,lvk,,
abvd-722,Bikol (Rinconada),irig1242,,bto,,
abvd-839,Laibin,cent2009,,zch,,
abvd-669,Nimoa,nimo1246,,nmw,,
abvd-248,Iraralay,ivat1242,,ivv,,
abvd-1401,Mandri (Farun) 162-91,,,,,
abvd-659,Niuafo'ou,niua1240,,num,,
abvd-1190,Malagasy (Tanala),plat1254,,plt,,
abvd-167,Mambai,mamb1306,,mgm,,
abvd-277,Tagalog,taga1270,,tgl,,
abvd-1258,Manide,cama1250,,abd,,
abvd-874,Proto-Philippine,,,,,
abvd-1213,Ra'ivavae,aust1304,,aut,,
abvd-731,Bouyei (Wangmo),bouy1240,,pcc,,
abvd-1240,Novol (Usus - Dixon Reef),lete1241,,nms,,
abvd-52,Hawaiian,hawa1245,,haw,,
abvd-1527,Bwatoo,bwat1240,,bwa,,
abvd-1458,Tubetube,bwan1241,,tte,,
abvd-689,Tày (Cao Bằng),tayy1238,,tyz,,
abvd-1448,Proto North Mainland/D'Entrecasteaux,nort2848,,,,
abvd-1117,Tiale,tial1239,,mnl,,
abvd-1503,camuki,cemu1238,,cam,,
abvd-1526,Proto Malagasy,mala1537,,mlg,,
abvd-1074,Namakura (Mataso),nama1268,,nmk,,
abvd-492,Enggano (Malakoni Village),engg1245,,eno,,
abvd-555,Nggao (Poro),gaoo1237,,gga,,
abvd-476,Orkon,orko1234,,,,
abvd-162,Lenakel,lena1238,,tnl,,
abvd-266,Pazih F69,kulo1237,,uun,,
abvd-1344,Ham,mari1428,,dad,,
abvd-935,Wusehua (Rongshui),eeee1240,,eee,,
abvd-1184,Malagasy (Sakalava),saka1291,,skg,,
abvd-434,"Manobo, Ata (up-river)",atam1240,,atd,,
abvd-1172,Nume,nume1241,,tgs,,
abvd-988,Mentawai (Silabu),ment1249,,mwv,,
abvd-1061,Nahavaq (Lembinwen),sout2857,,sns,,
abvd-879,Bungku (Torete),bung1269,,bkz,,
abvd-315,Tela-Masbuar,tela1241,,tvm,,
abvd-898,Mori Bawah (Mo'Iki),mori1268,,xmz,,
abvd-1019,Lakona,lako1245,,lkn,,
abvd-355,Buma,tean1237,,tkw,,
abvd-578,Blablanga (Ghove),blab1237,,blp,,
abvd-396,Doura,tour1243,,don,,
abvd-1006,Roria,rori1237,,rga,,
abvd-1293,Nisvai (Blacksands),nisv1234,,,,
abvd-730,Dupaningan Agta,dupa1235,,duo,,
abvd-1516,Siraya A,sira1267,,fos,,
abvd-755,Masbatenyo,masb1238,,msb,,
abvd-497,Biliau,awad1244,,bcu,,
abvd-1357,Kinalakna,kina1251,,kco,,
abvd-1051,Labo (Windua),labo1244,,mwi,,
abvd-562,Lungga,lung1249,,lga,,
abvd-71,Levei,kheh1237,,tlx,,
abvd-83,Maloh,emba1238,,emb,,
abvd-971,Caijia,caij1234,,,,
abvd-499,Sonsorolese,sons1242,,sov,,
abvd-831,Favorlang OL03,babu1240,,bzg,,
abvd-69,Leipon,leip1237,,lek,,
abvd-50,Buru [Namrole Bay],buru1303,,mhs,,
abvd-402,Bilibil,bilb1241,,brz,,
abvd-218,Dobuan,dobu1241,,dob,,
abvd-997,Andio,andi1257,,bzb,,
abvd-1410,Axamb (Small Island-Maliambur) 162-88,axam1237,,ahb,,
abvd-1406,Na'ahai (Toman Island) 162-82,malf1237,,mlx,,
abvd-1215,Ponosakan,pono1240,,pns,,
abvd-569,Babatana (Tunöe),baba1268,,baa,,
abvd-501,Äiwoo,ayiw1239,,nfl,,
abvd-185,Sasak,sasa1249,,sas,,
abvd-95,Moken,moke1242,,mwt,,
abvd-767,Zhuang (Wuming),yong1276,,zyb,,
abvd-913,Tolaki (Wiwirano),tola1247,,lbw,,
abvd-1509,ᵐBelep,nyal1254,,yly,,
abvd-908,Taloki,talo1252,,tlk,,
abvd-810,Puyuma (Lower Pinlang L04),puyu1239,,pyu,,
abvd-1197,"Nicobarese, Central",cent1990,,ncb,,
abvd-5,Bantik,bant1286,,bnq,,
abvd-1271,Tadyawan,tady1237,,tdy,,
abvd-1075,Maii,maii1238,,mmm,,
abvd-1102,Naha'ai,malf1237,,mlx,,
abvd-776,Biao Min (Dongshan),biao1256,,bmt,,
abvd-303,Teun,teun1241,,tve,,
abvd-237,Kayan (Uma Juman),reja1241,,ree,,
abvd-950,Proto-Manide-Alabat,,,,,
abvd-1122,Wusi (Mana),wusi1237,,wsi,,
abvd-1362,Dadu'a,galo1243,,gal,,
abvd-666,Vietnamese,viet1252,,vie,,
abvd-494,S.W. Palawano,sout2916,,plv,,
abvd-1481,Ansus,ansu1237,,and,,
abvd-922,Tai Aiton,aito1238,,aio,,
abvd-32,Kambera,kamb1299,,xbr,,
abvd-864,Mentawai,ment1249,,mwv,,
abvd-346,Kiribati,gilb1244,,gil,,
abvd-1359,Gitua,gitu1237,,ggt,,
abvd-225,Taiof,sapo1253,,sps,,
abvd-179,Ponapean,pohn1238,,pon,,
abvd-1300,Venen Taute (Alpalak),bign1238,,nmb,,
abvd-429,"Kalinga, Guinaang, Lubuagan Dialect",lubu1243,,knb,,
abvd-756,Younuo (Xiaozhai),youn1235,,buh,,
abvd-491,Mapun,mapu1244,,sjm,,
abvd-870,Uighur,uigh1240,,uig,,
abvd-580,Blablanga,blab1237,,blp,,
abvd-743,Proto-Puyuma,puyu1239,,pyu,,
abvd-1116,"Ambae, East (Wailengi)",east2443,,omb,,
abvd-888,Mori Atas (Lolonggoio),mori1269,,mzq,,
abvd-432,"Kankanay, Northern",nort2877,,xnn,,
abvd-1297,Uripiv (D'urpif 2,urip1239,,upv,,
abvd-385,Lihir (Sunglik),lihi1237,,lih,,
abvd-995,Papitalai,papi1254,,pat,,
abvd-455,Miyako,miya1259,,mvi,,
abvd-701,Laha (Ta Mit),laha1250,,lha,,
abvd-749,Proto-Tsouic,tsou1248,,tsu,,
abvd-157,Itbayaten,ivat1242,,ivv,,
abvd-1519,Siraya Gospel dialect,sira1267,,fos,,
abvd-1188,Houaïlou,ajie1238,,aji,,
abvd-828,Proto-Ainu,ainu1240,,ain,,
abvd-573,Maringe (Tataba),chek1238,,mrn,,
abvd-350,Amis (Central),amis1246,,ami,,
abvd-1049,Lorediakarkar,lore1244,,lnn,,
abvd-233,Malay (Bahasa Indonesia),indo1316,,ind,,
abvd-956,White Lolo,,,,,
abvd-1460,'Auhelawa,auhe1237,,kud,,
abvd-860,Kagayanen,kaga1256,,cgc,,
abvd-584,Arosi (Tawatana Village),aros1241,,aia,,
abvd-770,Ai-Cham (Taiyang),aich1238,,aih,,
abvd-335,Yami,yami1254,,tao,,
abvd-801,Sakizaya,nata1254,,ais,,
abvd-773,Dzao Min (Daping),dzao1238,,bpn,,
abvd-656,Dusun Tuhauon (Tambunan),tamb1254,,kzt,,
abvd-284,Sundanese,sund1252,,sun,,
abvd-1175,Lemerig (Sasar),leme1238,,lrz,,
abvd-651,Tawala,tawa1275,,tbo,,
abvd-1394,Sissano (Arop dialect),siss1243,,sso,,
abvd-676,Mooriori,mori1267,,,,
abvd-58,Rarotongan,raro1241,,rar,,
abvd-1452,Saliba,sali1295,,sbe,,
abvd-838,Jingxi,yong1275,,zyn,,
abvd-792,Proto-Hlai (Ostapirat),hlai1238,,,,
abvd-1072,Wusi (Valui),wusi1237,,wsi,,
abvd-1246,Pangkumu (Datisman),rere1240,,pgk,,
abvd-7,Gedaged,geda1237,,gdd,,
abvd-187,Teop,teop1238,,tio,,
abvd-502,Nanggu,nang1262,,ngr,,
abvd-49,Buli,buli1255,,bzq,,
abvd-1165,Raga,hano1246,,lml,,
abvd-955,Gaokujiao Lolo,,,,,
abvd-1428,Dawawa,dawa1242,,dww,,
abvd-177,Paiwan (Kulalao F82),paiw1248,,pwn,,
abvd-1199,"Gelao, Red",redg1235,,gir,,
abvd-1487,ⁿDuᵐbea,dumb1241,,duf,,
abvd-1445,Muyuw,muyu1244,,myw,,
abvd-30,Kairiru,kair1263,,kxa,,
abvd-981,Mentawai (Madobat),ment1249,,mwv,,
abvd-1305,Alavas 1,,,,,
abvd-116,Rotuman,rotu1241,,rtm,,
abvd-567,Bauro (Haununu),baur1252,,bxa,,
abvd-858,Piva,lawu1237,,tgi,,
abvd-358,Amahai,amah1245,,amq,,
abvd-363,Sisingga,baba1268,,baa,,
abvd-460,Tape,mara1399,,mrs,,
abvd-906,Moronene (Tokotu'A),moro1287,,mqn,,
abvd-601,Lampung Api (Sukau),lamp1243,,ljp,,
abvd-786,Kim Mun (Hainan),kimm1245,,mji,,
abvd-686,Sinauna,remo1247,,agv,,
abvd-287,Aria,mouk1239,,mwh,,
abvd-1409,Avok (Hokai) 162-97a,axam1237,,ahb,,
abvd-1067,Baetora (Nasawa),baet1237,,btr,,
abvd-902,Mori Bawah (Watu),mori1268,,xmz,,
abvd-1005,Araki,arak1252,,akr,,
abvd-1440,Maisin,mais1250,,mbq,,
abvd-875,Bahonsuai,baho1237,,bsu,,
abvd-1060,Lamenu (Nikaura),lame1260,,lmu,,
abvd-134,Tetum,tetu1246,,tdt,,
abvd-340,Proto-Micronesian,micr1243,,,,
abvd-500,Arosi,aros1241,,aia,,
abvd-407,"Hmong, White",hmon1333,,mww,,
abvd-292,Proto-Southern Mindanaon,,,,,
abvd-809,Puyuma (Pilam L04),puyu1239,,pyu,,
abvd-393,Kuni,kuni1263,,kse,,
abvd-706,Yonamine,,,,,
abvd-461,Fataluku,fata1247,,ddg,,
abvd-118,Samoan,samo1305,,smo,,
abvd-490,Inabaknon,inab1237,,abx,,
abvd-769,Mak (Laliu),makc1235,,mkg,,
abvd-1144,"Ambae, West (Ngwatua)",west2513,,nnd,,
abvd-1047,Labo (Ninde),labo1244,,mwi,,
abvd-151,Belait,bela1260,,beg,,
abvd-229,Emae,emae1237,,mmw,,
abvd-446,"Sangir, Tabukang Dialect",sang1336,,sxn,,
abvd-468,Melayu,stan1306,,zsm,,
abvd-1223,Avava (Timbibi),katb1237,,tmb,,
abvd-1009,Mpotovoro,mpot1241,,mvt,,
abvd-983,Mentawai (Ulubaga),ment1249,,mwv,,
abvd-152,Pukapuka,puka1242,,pkp,,
abvd-964,Mo'ang,,,,,
abvd-779,Enga,enga1252,,enq,,
abvd-1321,Port Sandwich (Lamap 1),port1285,,psw,,
abvd-525,Ghanongga,ghan1242,,ghn,,
abvd-59,Kei (Tanimbar-Kei),keii1239,,kei,,
abvd-70,Letinese,leti1246,,lti,,
abvd-1363,Fordata,ford1242,,frd,,
abvd-1324,Aulua (Loxse Asolokh),aulu1238,,aul,,
abvd-826,Saaroa L04,saar1237,,sxr,,
abvd-566,Fataleka,fata1245,,far,,
abvd-173,Tahitian (Modern),tahi1242,,tah,,
abvd-1053,Litzlitz,litz1237,,lzl,,
abvd-1399,Na'ahai (Mbatambang) 162-83,malf1237,,mlx,,
abvd-1137,"Ambae, East (Lolomatui)",east2443,,omb,,
abvd-1295,Alavas-Wowo (Wowo 2),,,,,
abvd-1340,Label,labe1239,,lbb,,
abvd-598,"Komering (Ulu), Damarpura Village",kome1238,,kge,,
abvd-1187,Nyelâyu,nyal1254,,yly,,
abvd-605,Lampung Api (Kota Agung),lamp1243,,ljp,,
abvd-348,Proto-Chuukic,truk1243,,,,
abvd-422,"Ilongot, Kakiduge:n",ilon1239,,ilk,,
abvd-900,Mori Bawah (Roda),mori1268,,xmz,,
abvd-1256,Naman (Litzlitz),litz1237,,lzl,,
abvd-959,Qo Xiong (Jiwei),,,,,
abvd-326,Wewewa (Tana Righu dialect),weje1237,,wew,,
abvd-511,Gumawana,guma1254,,gvs,,
abvd-29,Kaidipang,kaid1239,,kzp,,
abvd-53,Hitu (Ambon),hitu1239,,htu,,
abvd-120,"Ambrym, South-East",sout2859,,tvk,,
abvd-1457,Tawala,tawa1275,,tbo,,
abvd-973,Waxianghua (Guzhang),waxi1236,,wxa,,
abvd-368,Nalik,nali1244,,nal,,
abvd-221,Sa'a,saaa1240,,apb,,
abvd-1088,Eton,eton1255,,etn,,
abvd-191,Varisi,vari1239,,vrs,,
abvd-869,Tatar,tata1255,,tat,,
abvd-474,Uruava,urua1242,,urv,,
abvd-968,Kambowa,kiok1239,,ues,,
abvd-282,Kove,kove1237,,kvc,,
abvd-799,Amis (Fata'an),amis1246,,ami,,
abvd-391,Tiang,tian1237,,tbj,,
abvd-264,Rapanui (Easter Island),rapa1244,,rap,,
abvd-891,Mori Atas (Olota),mori1269,,mzq,,
abvd-405,Pangasinan,pang1290,,pag,,
abvd-1230,Nombotkote (Usus - Melkin),lete1241,,nms,,
abvd-503,Ende,ende1246,,end,,
abvd-1057,Dixon Reef,dixo1238,,dix,,
abvd-905,Moronene (Mornene),moro1287,,mqn,,
abvd-1368,Waima'a,waim1252,,wmh,,
abvd-169,Marshallese (E. Dialect),mars1254,,mah,,
abvd-725,Proto-Rukai,,,,,
abvd-572,Rawo,baur1252,,bxa,,
abvd-1496,Pat̪i,paic1239,,pri,,
abvd-1227,Nahavaq (Benour),sout2857,,sns,,
abvd-2,Banggai (W.dialect),bang1368,,bgz,,
abvd-1189,Proto Northern Central Vanuatu,nort3195,,,,
abvd-1313,Najit,,,,,
abvd-283,Yogya,java1254,,jav,,
abvd-679,Ibaloi,ibal1244,,ibl,,
abvd-1225,Salang (Dixon Reef),katb1237,,tmb,,
abvd-520,Lengo (Paripao),leng1259,,lgr,,
abvd-372,Madara,mand1440,,tbf,,
abvd-750,Saek,saek1240,,skb,,
abvd-586,'Are'are (Waiahaa Village),area1240,,alu,,
abvd-249,Itbayat,ivat1242,,ivv,,
abvd-192,Wolio,woli1241,,wlo,,
abvd-1194,Hewa,sika1262,,ski,,
abvd-466,Surigaonon,suri1273,,sgd,,
abvd-382,Tolai,kuan1248,,ksd,,
abvd-745,"Roglai, Northern",nort2994,,rog,,
abvd-991,Mentawai (Bulasat),ment1249,,mwv,,
abvd-89,Mekeo,meke1243,,mek,,
abvd-554,Mbareke,vang1243,,mpr,,
abvd-1443,Molima,moli1248,,mox,,
abvd-251,Ivasay,ivat1242,,ivv,,
abvd-1152,Tolomako,tolo1255,,tlm,,
abvd-929,Buyang (Yalang),yero1238,,yrn,,
abvd-81,Mono,mono1273,,mte,,
abvd-383,Madak,mada1285,,mmx,,
abvd-1214,Old Rapa (Rapa),rapa1245,,ray,,
abvd-606,Lampung Api (Talang Padang),lamp1243,,ljp,,
abvd-127,Soboyo,tali1262,,tlv,,
abvd-399,Megiar,taki1248,,tbc,,
abvd-887,Mori Atas (Kolo-Kolo),mori1269,,mzq,,
abvd-101,Ngaibor (S.Aru),west2538,,txn,,
abvd-816,Rukai (Mantauran L04),ruka1240,,dru,,
abvd-1301,Rano (Chinambong),urip1239,,upv,,
abvd-985,Mentawai (Bosua),ment1249,,mwv,,
abvd-618,Buol,buol1237,,blf,,
abvd-1164,V'ënen Taut (Unmet),bign1238,,nmb,,
abvd-86,Maranao,mara1404,,mrw,,
abvd-365,Kokota,koko1269,,kkk,,
abvd-211,Gapapaiwa,gapa1238,,pwg,,
abvd-595,"Komering (Ulu), Adumanis Village",kome1238,,kge,,
abvd-515,Kahua,kahu1241,,agw,,
abvd-1017,Mwerlap (Merig),merl1237,,mrm,,
abvd-1463,Isinay (Dupax),isin1239,,inn,,
abvd-925,Gelao (Wantao),whit1267,,giw,,
abvd-299,Aputai,aput1237,,apx,,
abvd-807,Paiwan (Stimul L04),paiw1248,,pwn,,
abvd-978,Itawis,itaw1240,,itv,,
abvd-1231,Nombotkote (Blacksands),lete1241,,nms,,
abvd-174,Pulo Anna,sons1242,,sov,,
abvd-88,Masiwang,masi1266,,bnf,,
abvd-246,Tuamotu,tuam1242,,pmt,,
abvd-306,West Damar,west2548,,drn,,
abvd-781,Proto-Trans-New Guinea,nucl1709,,,,
abvd-504,"Malo, Santa Cruz",natu1246,,ntu,,
abvd-677,"Dong, Southern",sout2741,,kmc,,
abvd-452,"Tausug, Jolo Dialect",taus1251,,tsg,,
abvd-544,Talise (Malagheti),tali1259,,tlr,,
abvd-865,Tidore,tido1248,,tvo,,
abvd-176,Nakanai (Bileki Dialect),naka1262,,nak,,
abvd-1325,Wala (Worprev B),urip1239,,upv,,
abvd-960,Bolyu,boly1239,,ply,,
abvd-1236,Letemboi (Newotenyene),lete1241,,nms,,
abvd-190,Ujir (N.Aru),ujir1237,,udj,,
abvd-137,Tontemboan,tont1239,,tnt,,
abvd-688,Cuyonon,cuyo1237,,cyo,,
abvd-721,Proto-Malayo-Polynesian (Zorc),mala1545,,,,
abvd-949,Laha,laha1250,,lha,,
abvd-1408,Nasvang (Farun) 162-90,nasv1234,,,,
abvd-1477,Ngorek,,,,,
abvd-1052,Maragus,mara1399,,mrs,,
abvd-1296,Tirax (Olamb),maee1241,,mme,,
abvd-1312,Malua Bay (Petarmul 2),malu1245,,mll,,
abvd-921,Tai Phake,phak1238,,phk,,
abvd-1367,Tokodede,tuku1254,,tkd,,
abvd-371,Phan Rang Cham (Eastern Cham),east2563,,cjm,,
abvd-789,"Dong, Northern",nort2735,,doc,,
abvd-267,Proto-Central Eastern Malayo Polynesian,ruka1240,,,,
abvd-1232,Nombotkote (Melaklak (Melkin)),lete1241,,nms,,
abvd-275,Seediq F69 (Sakura),taro1264,,trv,,
abvd-1062,Repanbitipmbangir,repa1237,,rpn,,
abvd-1508,ʰMoavekɛ,hmwa1243,,mrk,,
abvd-1091,Namakura (Tongariki),nama1268,,nmk,,
abvd-1415,Mandri (Faru) 162-100,,,,,
abvd-220,Roro,waim1251,,rro,,
abvd-657,Kinaray-a,kina1250,,krj,,
abvd-1371,Kaniet,kani1282,,ktk,,
abvd-574,Maringe (Leleghia),chek1238,,mrn,,
abvd-411,Balangaw,bala1310,,blw,,
abvd-480,Guguyimidjir (1773),gugu1255,,kky,,
abvd-410,"Atta, Pamplona",pamp1244,,att,,
abvd-818,Saisiyat L04 (Ta'ai),sais1237,,xsy,,
abvd-392,Bilur,bilu1244,,bxf,,
abvd-80,Murnaten (Alune),alun1238,,alp,,
abvd-1148,Imreang,sout2869,,nwi,,
abvd-87,Marovo,maro1244,,mvo,,
abvd-1507,ʰMoaekɛ,vama1243,,mkt,,
abvd-245,Tokelau,toke1240,,tkl,,
abvd-250,Imorod,ivat1242,,ivv,,
abvd-345,Mortlockese,mort1237,,mrl,,
abvd-719,Then,tenn1245,,tct,,
abvd-704,Shuri,cent2126,,ryu,,
abvd-328,"East Sumbanese Kambera, Southern dialect",kamb1299,,xbr,,
abvd-1158,Merei,mere1242,,lmb,,
abvd-883,Koroni,koro1311,,xkq,,
abvd-1364,Irarutu,irar1238,,irh,,
abvd-195,Bukat,buka1261,,bvk,,
abvd-158,Katingan,ngaj1237,,nij,,
abvd-1342,Sursurunga,surs1246,,sgz,,
abvd-370,Nalik,nali1244,,nal,,
abvd-832,Basay L04,basa1287,,byq,,
abvd-226,Tae' (S.Toraja),tora1261,,sda,,
abvd-970,Mongi,wusa1235,,yig,,
abvd-862,Saek,saek1240,,skb,,
abvd-813,Rukai (Budai L04),ruka1240,,dru,,
abvd-394,Maututu,naka1262,,nak,,
abvd-1431,Gapapaiwa,gapa1238,,pwg,,
abvd-1314,Alavas-Wowo (Wowo 1),,,,,
abvd-1264,Ayta Mag-anchi,maga1263,,sgb,,
abvd-652,Ternate (Pasar-Lingua franca),nort2828,,max,,
abvd-996,Moor,morm1235,,mhz,,
abvd-498,Pingilapese,ping1243,,pif,,
abvd-451,"Tagbanwa, Kalamian, Coron Island Dialect",cala1258,,tbk,,
abvd-952,Proto-Alor-Pantar,alor1249,,,,
abvd-932,Gelao (Dagouchang),whit1267,,giw,,
abvd-670,Kalaw Kawaw Ya,kala1377,,mwp,,
abvd-1037,Seke,seke1241,,ske,,
abvd-1505,ɲua,yuag1237,,nua,,
abvd-620,Bajo (Padei Laut),indo1317,,bdl,,
abvd-378,Japhug Rgyalrong,jiar1240,,jya,,
abvd-1085,Port Sandwich,port1285,,psw,,
abvd-155,Tikopia,tiko1237,,tkp,,
abvd-484,Neve'ei,vinm1237,,vnm,,
abvd-1078,"Efate, North (Pwele)",nort2836,,llp,,
abvd-93,Minyaifuin (Gebe),gebe1237,,gei,,
abvd-594,Komering (Kayu Agung Asli),kome1238,,kge,,
abvd-403,Tetun Terik (Fehan dialect),tetu1245,,tet,,
abvd-1381,Pitilu,leip1237,,lek,,
abvd-1044,Lamenu (Nuvi),lame1260,,lmu,,
abvd-342,Mokilese,moki1238,,mkj,,
abvd-552,Babatana (Lömaumbi),baba1268,,baa,,
abvd-1520,Kaisabu,kaes1237,,cia,,
abvd-290,Old Javanese,java1254,,jav,,
abvd-341,Nage,nage1237,,nxe,,
abvd-278,Werinama,bobo1254,,bty,,
abvd-1181,Fatakai (Nuaulu),sout2895,,nxl,,
abvd-855,Taba,east2440,,mky,,
abvd-1224,Avava (None),katb1237,,tmb,,
abvd-143,Watubela,watu1247,,wah,,
abvd-376,Mwotlap,motl1237,,mlv,,
abvd-616,Lampung Nyo (Menggala/Tulang Bawang),lamp1242,,abl,,
abvd-527,Mbaniata,touo1238,,tqu,,
abvd-145,Windesi Wandamen,wand1267,,wad,,
abvd-882,Kodeoha,bung1269,,bkz,,
abvd-1021,"Ambrym, Southeast (Maat)",sout2859,,tvk,,
abvd-1330,Mangap-Mbula,mbul1263,,mna,,
abvd-302,East Damar,east2472,,dmr,,
abvd-336,Puluwatese,pulu1242,,puw,,
abvd-707,Tiruray,tiru1241,,tiy,,
abvd-1467,Mindoro Tagalog,,,tgl,,
abvd-762,She (Lianhua),shee1238,,shx,,
abvd-759,Puyuma (Nanwang Cq),puyu1239,,pyu,,
abvd-1270,Alangan,alan1249,,alj,,
abvd-989,Mentawai (Saumanganya),ment1249,,mwv,,
abvd-579,Mbughotu (Dhadhaje),bugh1239,,bgt,,
abvd-388,Kandas,kand1301,,kqw,,
abvd-1510,ᵐBonⁿde,yuag1237,,nua,,
abvd-239,Mangareva,mang1401,,mrv,,
abvd-259,"Uvea, West",west2516,,uve,,
abvd-1492,Neku,neku1237,,nek,,
abvd-54,Hoava,hoav1238,,hoa,,
abvd-1470,Lebo' Vo',main1275,,xkl,,
abvd-269,Proto-Malayo-Polynesian,mala1545,,,,
abvd-546,Talise (Poleo),tali1259,,tlr,,
abvd-663,Sumbawa,sumb1241,,smw,,
abvd-521,Nduke,duke1237,,nke,,
abvd-1501,Sirehë,zire1240,,sih,,
abvd-757,Pa-Hng (Gundong),pahn1237,,pha,,
abvd-44,Babatana,baba1268,,baa,,
abvd-462,Makasae,maka1316,,mkz,,
abvd-443,"Samal, Siasi Dialect",cent2092,,sml,,
abvd-1513,’Aekɛ,haek1239,,aek,,
abvd-1298,Wala (Botku),urip1239,,upv,,
abvd-1265,Bolinao,boli1256,,smk,,
abvd-66,Kwaio,kwai1243,,kwd,,
abvd-1392,Hote (Misim dialect),hote1245,,hot,,
abvd-758,Proto-East Mindanao,,,,,
abvd-1289,Aitchin (Orap),urip1239,,upv,,
abvd-295,Oirata,oira1263,,oia,,
abvd-819,Atayal - Squliq L04,atay1247,,tay,,
abvd-671,"Kalinga, Southern",sout2908,,ksc,,
abvd-1025,Dixon Reef,dixo1238,,dix,,
abvd-938,Gelao (Moji),whit1267,,giw,,
abvd-33,Kapampangan,pamp1243,,pam,,
abvd-1156,Baetora (Narovorovo),baet1237,,btr,,
abvd-969,Kioko,kiok1239,,ues,,
abvd-1472,Lepo' Gah,main1275,,xkl,,
abvd-1374,Sori,sori1242,,sbh,,
abvd-280,Proto-Austronesian,aust1307,,,,
abvd-698,Proto-Tai,kamt1241,,,,
abvd-256,Atayal - C'uli' F69 (Bandai),atay1247,,tay,,
abvd-1475,Lepo' Tau,main1275,,xkl,,
abvd-67,Lamogai (Mulakaino),lamo1244,,lmg,,
abvd-257,Favorlang F69,babu1240,,bzg,,
abvd-650,Besemah,cent2053,,pse,,
abvd-1339,Ujir (Schapper),ujir1237,,udj,,
abvd-846,Shangsi,yong1275,,zyn,,
abvd-1429,Dobu,dobu1241,,dob,,
abvd-84,Manggarai,mang1405,,mqy,,
abvd-463,Sye (Erromangan),siee1239,,erg,,
abvd-1220,Ninde (Windua),labo1244,,mwi,,
abvd-1196,Portuguese,port1283,,por,,
abvd-1032,Koro,koro1308,,krf,,
abvd-209,Cheke Holo,chek1238,,mrn,,
abvd-1147,Enfitena,sout2869,,nwi,,
abvd-1263,Ayta Ambala,amba1267,,abc,,
abvd-140,Vitu,mudu1242,,wiv,,
abvd-1398,Axamb (Small Island-Brisbane) 162-89,axam1237,,ahb,,
abvd-1383,Mokaren,moke1240,,mft,,
abvd-788,Marinduque Tagalog,taga1270,,tgl,,
abvd-223,To'ambaita,toab1237,,mlu,,
abvd-1341,Ramoaaina,ramo1244,,rai,,
abvd-1036,Piamatsina,piam1242,,ptr,,
abvd-426,"Itneg, Binongan",bino1237,,itb,,
abvd-281,Lakalai,naka1262,,nak,,
abvd-1320,Burmbar,burm1263,,vrt,,
abvd-1233,Letemboi (Aingelemolesa),lete1241,,nms,,
abvd-593,Qabiao,qabi1235,,laq,,
abvd-384,Kara (West),kara1486,,leu,,
abvd-543,Talise (Koo),tali1259,,tlr,,
abvd-94,Misima,misi1243,,mpx,,
abvd-112,Popalia,tuka1249,,bhq,,
abvd-307,Dawera-Daweloor,dawe1237,,ddw,,
abvd-351,Buyang (Langjia),emab1235,,yzg,,
abvd-1355,Sio,sioo1240,,xsi,,
abvd-1518,Proto Siraya,sira1267,,fos,,
abvd-1218,Ninde (Lorlo),labo1244,,mwi,,
abvd-1244,Neverver (Lingarak - Sakan),ling1265,,lgk,,
abvd-691,Gelao (Niupo),whit1267,,giw,,
abvd-617,Sewa,sewa1251,,sew,,
abvd-272,Rukai (Budai F69),ruka1240,,dru,,
abvd-125,Singhi,baub1235,,sne,,
abvd-34,Lamaholot Ile Mandiri (Flores Timur),lama1277,,slp,,
abvd-1043,Ikiyau,sout2869,,nwi,,
abvd-785,Proto-Ongan,,,,,
abvd-1120,Namakura (Bongabonga),nama1268,,nmk,,
abvd-1253,Fifti (Khatbol),katb1237,,,,
abvd-208,Bare'e,pamo1252,,pmf,,
abvd-1329,Mato (Ramuk dialect),mato1252,,met,,
abvd-583,Arosi (Oneibia Village),aros1241,,aia,,
abvd-489,Bajo,indo1317,,bdl,,
abvd-1468,Proto North Sarawak,nort3171,,,,
abvd-387,Barok,baro1253,,bjk,,
abvd-1003,Paama (Lironesa),paam1238,,pma,,
abvd-1358,Mutu,mutu1242,,tuc,,
abvd-1179,Wusi (Nonona),wusi1237,,wsi,,
abvd-171,Madak (Lamasong Dial.),lava1239,,lbv,,
abvd-954,Maang,maan1239,,,,
abvd-131,Tangga,tang1348,,hrc,,
abvd-868,Salar,sala1264,,slr,,
abvd-413,"Bilaan, Koronadal",koro1310,,bpr,,
abvd-550,Kwai,gula1270,,gmb,,
abvd-279,Ibanag,iban1267,,ibg,,
abvd-540,Ghari (Tandai),ghar1239,,gri,,
abvd-48,Buginese (Soppeng Dialect),bugi1244,,bug,,
abvd-153,Cebuano,cebu1242,,ceb,,
abvd-198,Woleai,wole1240,,woe,,
abvd-133,Tboli (Tagabili),tbol1240,,tbl,,
abvd-560,Kazukuru,kazu1245,,kzk,,
abvd-710,Bikol (Buhinon),buhi1243,,ubl,,
abvd-207,As,asss1237,,asz,,
abvd-1499,Poamei,pwaa1237,,pme,,
abvd-322,South Efate,sout2856,,erk,,
abvd-25,Mota,mota1237,,mtt,,
abvd-45,Berawan (Long Terawan),west2564,,zbw,,
abvd-684,Proto-Southwestern Tai,wenm1239,,,,
abvd-182,Ririo,riri1237,,rri,,
abvd-683,Mon,monn1252,,mnw,,
abvd-1022,Bierebo (Burupika),bier1244,,bnk,,
abvd-186,Sekar,seka1247,,skz,,
abvd-1268,Sambal,tina1248,,,,
abvd-975,Mien (Tashi),iumi1238,,ium,,
abvd-1308,Espiegels' Bay (Shore),malu1245,,mll,,
abvd-1034,Larevat,lare1249,,lrv,,
abvd-853,Wetan,luan1263,,lex,,
abvd-1195,Proto-Kimbe,,,,,
abvd-442,Mansaka,mans1262,,msk,,
abvd-15,Bintulu,bint1246,,bny,,
abvd-867,Kazakh,kaza1248,,kaz,,
abvd-1228,Nahavaq (Lembinwin),sout2857,,sns,,
abvd-1238,Angavae (Dixon Reef),,,,,
abvd-1465,Proto-Manobo,mano1276,,,,
abvd-1046,Lenakel,lena1238,,tnl,,
abvd-638,Taokas Ts82,babu1240,,bzg,,
abvd-160,Kisar,kisa1266,,kje,,
abvd-214,Lampung,lamp1243,,ljp,,
abvd-244,Takuu,taku1257,,nho,,
abvd-1254,Nitita (Khatbol),katb1237,,,,
abvd-224,Teanu,tean1237,,tkw,,
abvd-324,Mamboru,mamb1305,,mvd,,
abvd-1323,Malua Bay (TipTir),malu1245,,mll,,
abvd-1020,Malo (South),malo1243,,mla,,
abvd-1097,Lelepa,lele1267,,lpa,,
abvd-1063,Lenakel (Lenaukas),lena1238,,tnl,,
abvd-1304,Vao (Peteri),vaoo1237,,vao,,
abvd-871,Uzbek,nort2690,,uzn,,
abvd-1375,Lup,herm1237,,llf,,
abvd-1023,Akei,akei1237,,tsr,,
abvd-108,Paamese (South),paam1238,,pma,,
abvd-1111,Mwerlap (Merlav),merl1237,,mrm,,
abvd-632,Bajo (Luwuk),indo1317,,bdl,,
abvd-539,Ghari (Nggeri),ghar1239,,gri,,
abvd-1473,Lepo' Laang,main1275,,xkl,,
abvd-147,Wuna,muna1247,,mnb,,
abvd-1000,Lelepa,lele1267,,lpa,,
abvd-541,Ghari (Nginia),ghar1239,,gri,,
abvd-77,Yapese,yape1248,,yap,,
abvd-1002,Maskelynes,mask1242,,klv,,
abvd-1311,Espiegel's Bay (Litebral),malu1245,,mll,,
abvd-640,Eskayan,,,,,
abvd-963,Mantsi,mant1265,,nty,,
abvd-68,Lau,lauu1247,,llu,,
abvd-735,Chewong,chew1245,,cwg,,
abvd-873,Kirgiz,kirg1245,,kir,,
abvd-113,Raga,hano1246,,lml,,
abvd-957,Black Lolo,mant1265,,,,
abvd-130,Tahitian (18th Century),tahi1242,,tah,,
abvd-1435,Iamalele,iama1237,,yml,,
abvd-817,Saisiyat L04 (Tungho),sais1237,,xsy,,
abvd-1127,Kwamera (Port Resolution),kwam1252,,tnk,,
abvd-329,"East Sumbanese, Lewa dialect",kamb1299,,xbr,,
abvd-534,Sa'a (Uki Ni Masi),saaa1240,,apb,,
abvd-1128,Port Vato,port1286,,ptv,,
abvd-1437,Kilivila,kili1267,,kij,,
abvd-1090,Lamenu (Mapremo),lame1260,,lmu,,
abvd-646,Muyuw,muyu1244,,myw,,
abvd-1135,Lamenu (Filakara),lame1260,,lmu,,
abvd-9,Ghari,ghar1239,,gri,,
abvd-1491,Moeneᵐbeŋ,caac1237,,msq,,
abvd-822,Seediq L04 (Hecuo),taro1264,,trv,,
abvd-12,Gorontalo (Hulondalo),goro1259,,gor,,
abvd-896,Mori Bawah (Kangua),mori1268,,xmz,,
abvd-1087,Timbembe,katb1237,,tmb,,
abvd-1521,Kumbewaha,kumb1274,,xks,,
abvd-733,Sama (Pangutaran),pang1291,,slm,,
abvd-454,Amami,nort2935,,ryn,,
abvd-1288,Aulua (Netimb),aulu1238,,aul,,
abvd-723,Proto-Atayalic,atay1246,,,,
abvd-1379,Hus,andr1248,,anx,,
abvd-1004,Futuna-Aniwa (Aniwa),futu1245,,fut,,
abvd-1058,Hiw,hiww1237,,hiw,,
abvd-1247,Unua (Noferai),unua1237,,onu,,
abvd-1161,Nahavaq (Benour),sout2857,,sns,,
abvd-170,Melayu Ambon,ambo1250,,abs,,
abvd-1343,Malalamai,mala1489,,mmt,,
abvd-528,Kusaghe,kusa1251,,ksg,,
abvd-631,Bajo (Lapulu),indo1317,,bdl,,
abvd-992,Mentawai (Sikakap),ment1249,,mwv,,
abvd-1180,Ulithian,ulit1238,,uli,,
abvd-82,Maleu,male1289,,mgl,,
abvd-847,Wenma Tu,yong1275,,zyn,,
abvd-1377,Ponam,pona1250,,ncc,,
abvd-389,Tagalog,taga1270,,tgl,,
abvd-1050,"Ambae, East (Lolsiwoi)",east2443,,omb,,
abvd-1125,Mafea,mafe1237,,mkv,,
abvd-512,Western Fijian (Navosa),west2519,,wyy,,
abvd-780,Proto-Bungku-Tolaki,bung1268,,,,
abvd-1252,Tesmbol (Melaklak),,,,,
abvd-523,Mbilua (Ndovele),bilu1245,,blb,,
abvd-918,Wawonii (Menui),wawo1239,,wow,,
abvd-73,Loniu,loni1238,,los,,
abvd-682,Proto-Greater Central Philippines,grea1284,,,,
abvd-517,Fagani,faga1239,,faf,,
abvd-193,Hiligaynon,hili1240,,hil,,
abvd-522,Babatana (Katazi),baba1268,,baa,,
abvd-276,Siraya F69,sira1267,,fos,,
abvd-558,Santa Catalina,owaa1237,,stn,,
abvd-124,Sika,sika1262,,ski,,
abvd-903,Mori Bawah (Ŋgusumbatu),mori1268,,xmz,,
abvd-890,Mori Atas (Molongkuni),mori1269,,mzq,,
abvd-217,Kapingamarangi,kapi1249,,kpg,,
abvd-1182,Mentawai (Ngangan Sakalagan),ment1249,,mwv,,
abvd-1417,Uliveo (Palongk) 162-103,mask1242,,klv,,
abvd-1082,Kwamera (Yatukwey),kwam1252,,tnk,,
abvd-1360,Arop,arop1242,,aps,,
abvd-1480,Nyelâyu (Belep Dialect),nyal1254,,yly,,
abvd-634,Bajo (Lemo Bajo),indo1317,,bdl,,
abvd-139,Vaghua,vagh1249,,tva,,
abvd-196,Dehu,dehu1237,,dhv,,
abvd-293,Sarangani Blaan,sara1326,,bps,,
abvd-765,Dongnu Bunu (Nongjing),buna1273,,bwx,,
abvd-323,Lamboya,lamb1273,,lmy,,
abvd-1369,Drubea,dumb1241,,duf,,
abvd-1525,Wolowa dialect of Kumbewaha,kumb1274,,xks,,
abvd-150,Banjarese Malay,banj1239,,bjn,,
abvd-488,Dayak Bakatiq-Sara/Riok,beka1241,,bei,,
abvd-727,Proto-Tibeto-Burman,,,,,
abvd-1267,Ayta Mag-indi,magi1241,,blx,,
abvd-496,Tonsea,tons1240,,txs,,
abvd-417,"Dumagat, Casiguran",casi1235,,dgc,,
abvd-532,Dori'o,dori1246,,dor,,
abvd-695,Gelao (Zhenfeng),gree1278,,giq,,
abvd-1096,Malua Bay,malu1245,,mll,,
abvd-1200,Kapampangan,pamp1243,,pam,,
abvd-644,Sowa,sowa1244,,sww,,
abvd-1385,Lebei,kheh1237,,tlx,,
abvd-60,Kelabit (Bario),kela1258,,kzi,,
abvd-1439,Lala,lala1268,,nrz,,
abvd-1040,Namakura (Makura),nama1268,,nmk,,
abvd-1168,Lehali,leha1243,,tql,,
abvd-1376,Njada,nyin1250,,lid,,
abvd-338,Saipan Carolinian,caro1242,,cal,,
abvd-337,Pulo-Annan,sons1242,,sov,,
abvd-538,Ghari (Ndi),ghar1239,,gri,,
abvd-648,Acehnese,achi1257,,ace,,
abvd-1104,Vurës (Vetumboso),vure1239,,msn,,
abvd-308,Dai,daii1240,,dij,,
abvd-1486,Iai,iaai1238,,iai,,
abvd-516,Tawaroga,kahu1241,,agw,,
abvd-362,Indonesian,indo1316,,ind,,
abvd-138,Tsou T63,tsou1248,,tsu,,
abvd-1105,Uripiv-Wala-Rano-Atchin (Atchin),urip1239,,upv,,
abvd-800,Amis (Farang),amis1246,,ami,,
abvd-1226,Nahavaq (Caroline Bay),sout2857,,sns,,
abvd-1241,Novol (Usus - Dixon Reef),lete1241,,nms,,
abvd-680,Shan,shan1277,,shn,,
abvd-126,Sobei,sobe1238,,sob,,
abvd-1259,Utudnon,bayb1234,,bvy,,
abvd-1115,Navut,navu1237,,nsw,,
abvd-1154,Narango,nara1263,,nrg,,
abvd-359,Tungag / Tungak / Lavongai,tung1290,,lcm,,
abvd-600,Lampung Api (Ranau),lamp1243,,ljp,,
abvd-263,Melayu Brunei (Dialect),brun1242,,kxd,,
abvd-1382,Bujan,kele1258,,sbc,,
abvd-626,Bajo (Boepinang),indo1317,,bdl,,
abvd-633,Bajo (Anaiwoi),indo1317,,bdl,,
abvd-1166,Nokuku,noku1237,,nkk,,
abvd-861,Proto-South Sulawesi,,,,,
abvd-409,Agta,cent2084,,agt,,
abvd-507,Melayu Sarawak (dialect),mala1479,,zlm,,
abvd-46,Biga (Misool),matb1237,,xmt,,
abvd-802,Atayal - C'uli' L04 (Skikun),atay1247,,tay,,
abvd-41,Mori,mori1268,,xmz,,
abvd-1461,'Oyaoya,oyao1237,,oyy,,
abvd-421,"Ifugao, Bayninan",kele1259,,ify,,
abvd-1174,Shark Bay,shar1244,,ssv,,
abvd-1420,Nasvang (Farun) 162-95a,nasv1234,,,,
abvd-1086,Marino,mari1426,,mrb,,
abvd-777,Proto-Koiarian,koia1260,,,,
abvd-1412,Uliveo (Lurtes) 162-107,mask1242,,klv,,
abvd-354,Tanimbili,tani1255,,tbe,,
abvd-1260,Inati (Nagpana),atii1237,,atk,,
abvd-1140,Neverver,ling1265,,lgk,,
abvd-924,Gelao (Fengyan),whit1267,,giw,,
abvd-1056,Narango (Nambel),nara1263,,nrg,,
abvd-660,Capisano,capi1239,,cps,,
abvd-425,Itbayaten,ivat1242,,ivv,,
abvd-404,Saliba,sali1295,,sbe,,
abvd-386,Lunga Lunga  (Minigir),mini1251,,vmg,,
abvd-641,Apma (Suru Mwerani),apma1240,,app,,
abvd-260,Kavalan F69,kava1241,,ckv,,
abvd-184,Santa Ana,owaa1237,,stn,,
abvd-623,Bajo (Bajoe),indo1317,,bdl,,
abvd-1276,Sogodnin (Boracay),atii1237,,atk,,
abvd-262,Ida'an,idaa1241,,dbj,,
abvd-1219,Ninde (Labo),labo1244,,mwi,,
abvd-635,Babuza Ts82,babu1240,,bzg,,
abvd-1205,Meramera,mera1242,,mxm,,
abvd-958,Flowery Lolo,mant1265,,,,
abvd-1302,Rano (Small Island),urip1239,,upv,,
abvd-103,Nguna,nort2836,,llp,,
abvd-904,Moronene,moro1287,,mqn,,
abvd-1413,Axamb (Farun) 162-94,axam1237,,ahb,,
abvd-135,Tigak,tiga1245,,tgc,,
abvd-1326,Port Sandwich (Lamap 2,port1285,,psw,,
abvd-464,Ura,urav1235,,uur,,
abvd-63,Kerinci,keri1250,,kvr,,
abvd-472,Nehan,neha1247,,nsn,,
abvd-1523,Wakole dialect of Kumbewaha,kumb1274,,xks,,
abvd-148,Wuvulu,wuvu1239,,wuv,,
abvd-1322,Alavas 2,,,,,
abvd-1404,Nasvang (Farun) 162-93,nasv1234,,,,
abvd-1079,Akei (Tasiriki),akei1237,,tsr,,
abvd-247,Niue,niue1239,,niu,,
abvd-141,Wampar,wamp1247,,lbq,,
abvd-1255,Tape (Tautu),mara1399,,mrs,,
abvd-149,Anejom (Aneityum),anei1239,,aty,,
abvd-1073,Daakaka (Sesivi),daka1243,,bpa,,
abvd-979,Proto-Nisoic,,,,,
abvd-919,Wiau,raha1237,,raz,,
abvd-1459,Wedau,weda1241,,wed,,
abvd-1279,ßatarxobu (Benut),,,,,
abvd-763,South Island Maori,maor1246,,mri,,
abvd-286,Mouk,mouk1239,,mwh,,
abvd-1024,Morouas (Batunlamak),moro1286,,mrp,,
abvd-856,West Makian,west2600,,mqs,,
abvd-545,Talise (Moli),tali1259,,tlr,,
abvd-673,"Bontok, Eastern",cent2292,,ebk,,
abvd-76,Nêlêmwa,kuma1276,,nee,,
abvd-475,Namakir,nama1268,,nmk,,
abvd-943,Mongol 蒙古语,halh1238,,khk,,
abvd-374,Diodio,diod1237,,ddi,,
abvd-571,Sengga,baba1268,,baa,,
abvd-479,Maori (1773),maor1246,,mri,,
abvd-827,Proto-Mon-Khmer,,,,,
abvd-610,Lampung Api (Kalianda),lamp1243,,ljp,,
abvd-1206,Fas,fass1245,,fqs,,
abvd-1048,Malo (North),malo1243,,mla,,
abvd-319,Wanukaka,wanu1241,,wnk,,
abvd-808,Paiwan (Tjubar L04),paiw1248,,pwn,,
abvd-999,Uma (Kantewu dialect),umaa1242,,ppk,,
abvd-630,Bajo (Langara Laut),indo1317,,bdl,,
abvd-609,Lampung Api (Pubian),lamp1243,,ljp,,
abvd-1176,Axamb,axam1237,,ahb,,
abvd-352,Nembao,amba1266,,utp,,
abvd-1422,Eastern Ngad'a,east2464,,nea,,
abvd-1237,Nasarian (Wileven tu),nasa1240,,nvh,,
abvd-872,Western Yugu,west2402,,ybe,,
abvd-665,Proto-Oceanic (Pawley),ocea1241,,,,
abvd-1193,Lom (Mapurese),bang1365,,mfb,,
abvd-653,Fijian (Suva Dialect),fiji1243,,fij,,
abvd-4,Banoni,bann1247,,bcm,,
abvd-1153,Toga,loto1240,,lht,,
abvd-1278,Malaweg,itaw1240,,itv,,
abvd-1309,ßatarxobu (Gunwar),,,,,
abvd-768,Jiongnai (Longhua),jion1236,,pnu,,
abvd-65,Kusaie,kosr1238,,kos,,
abvd-708,Bantoanon (Banton),bant1288,,bno,,
abvd-339,Saipan Carolinian Tanapag,caro1242,,cal,,
abvd-1016,"Ambrym, North (Ranon)",nort2839,,mmg,,
abvd-459,Nese,nese1235,,,,
abvd-477,Kwamera,kwam1252,,tnk,,
abvd-56,Kaulong (Au Village),kaul1240,,pss,,
abvd-664,Rapa,rapa1245,,ray,,
abvd-948,Gelao (Heijiaoyan),whit1267,,giw,,
abvd-1095,Whitesands (Loniel),whit1269,,tnp,,
abvd-483,Butuanon,butu1244,,btw,,
abvd-102,Nggela,gela1263,,nlg,,
abvd-437,"Manobo, Ilianen (Kibudtungan Dialect)",ilia1236,,mbi,,
abvd-61,Kemak,kema1243,,kem,,
abvd-360,Dayak Ngaju,ngaj1237,,nij,,
abvd-1209,Paser,lawa1257,,lbx,,
abvd-526,Mbaniata (Lokuru),touo1238,,tqu,,
abvd-1242,Novol (Melaklak),lete1241,,nms,,
abvd-556,Fagani (Rihu'a),faga1239,,faf,,
abvd-1405,Natangan (Farun) 162-95b,lete1241,,nms,,
abvd-602,Lampung Api (Krui),lamp1243,,ljp,,
abvd-414,"Bilaan, Sarangani",sara1326,,bps,,
abvd-537,Ghari (Nggae),ghar1239,,gri,,
abvd-564,Mbaelelea,bael1237,,bvc,,
abvd-611,Lampung Nyo (Melinting),lamp1243,,ljp,,
abvd-505,"Lwepe, Santa Cruz",natu1246,,ntu,,
abvd-1126,Lamenu (Mate),lame1260,,lmu,,
abvd-305,Nila,nila1244,,nil,,
abvd-1466,Proto-Sama-Bajaw,sama1302,,,,
abvd-136,Tongan,tong1325,,ton,,
abvd-1352,Kumokio,kumu1247,,kuo,,
abvd-1014,Sie,siee1239,,erg,,
abvd-549,Langalanga,wala1266,,lgl,,
abvd-877,Bungku (Landawe),bung1269,,bkz,,
abvd-778,Dehong,tain1252,,tdd,,
abvd-163,Tuvalu,tuva1244,,tvl,,
abvd-493,Enggano (Banjar Sari),engg1245,,eno,,
abvd-1118,Butmas-Tur (Tur),butm1237,,bnr,,
abvd-1425,Buhutu,buhu1237,,bxh,,
abvd-1511,ᵐBoewe,orow1242,,bpk,,
abvd-533,Sa'a (Ulawa),saaa1240,,apb,,
abvd-39,Ali,kapp1237,,ykm,,
abvd-774,Mien (Jiangdi),,,,,
abvd-212,Jawe,jawe1237,,jaz,,
abvd-848,Yanshan Nong,yong1275,,zyn,,
abvd-473,Simbo,simb1256,,sbb,,
abvd-753,Nanumea,tuva1244,,tvl,,
abvd-188,Toba Batak,bata1289,,bbc,,
abvd-172,Minangkabau,mina1268,,min,,
abvd-1328,Paiwan (Tjatjigel Egli),paiw1248,,pwn,,
abvd-332,Roma,roma1332,,rmm,,
abvd-1390,Musau,muss1246,,emi,,
abvd-168,Manam,mana1295,,mva,,
abvd-416,"Bontok, Guina-ang",cent2292,,lbk,,
abvd-622,Bajo (Pitulua),indo1317,,bdl,,
abvd-823,Seediq L04 (Truku),taro1264,,trv,,
abvd-1138,Valpei,valp1237,,vlp,,
abvd-1441,Minaveha,mina1269,,mvn,,
abvd-1084,Tambotalo,tamb1253,,tls,,
abvd-536,Babatana (Avasö),baba1268,,baa,,
abvd-105,Nissan,neha1247,,nsn,,
abvd-1433,Gumawana,guma1254,,gvs,,
abvd-1173,Sowa,sowa1244,,sww,,
abvd-1528,Pwapwâ - mBoyen,pwap1237,,pop,,
abvd-1514,’Avekɛ,have1241,,hvk,,
abvd-805,Bunun (Iskubun),bunu1267,,bnn,,
abvd-1333,Tami,tami1290,,tmy,,
abvd-165,Maisin,mais1250,,mbq,,
abvd-1327,Vao (Beetehul),vaoo1237,,vao,,
abvd-297,Tugun,tugu1245,,tzn,,
abvd-92,Merina (Malagasy),plat1254,,plt,,
abvd-255,Atayal - Squliq F69,atay1247,,tay,,
abvd-431,"Kallahan, Keleyqiq",kele1259,,ify,,
abvd-18,Chamorro,cham1312,,cha,,
abvd-109,Palauan,pala1344,,pau,,
abvd-1109,Katbol,katb1237,,tmb,,
abvd-920,Yi (Dafang),wusa1235,,yig,,
abvd-1407,Avok (Shiaf),axam1237,,ahb,,
abvd-327,So'a,soaa1237,,ssq,,
abvd-1068,Aore,aore1237,,aor,,
abvd-711,Kalinga (Minangali),lowe1412,,kml,,
abvd-934,"Kadazan Dusun of Taginambur, Kota Belud, Sabah, Malaysia",sugu1243,,kzs,,
abvd-1387,Pak,pakt1239,,pkg,,
abvd-702,Japanese (Tokyo),nucl1643,,jpn,,
abvd-236,Kédang,keda1252,,ksx,,
abvd-373,Savosavo,savo1255,,svs,,
abvd-1015,Vunapu,vuna1239,,vnp,,
abvd-675,Nuguria,nuku1259,,nur,,
abvd-164,Magori (South East Papua),mago1248,,zgr,,
abvd-1416,Nasvang (Farun - children) 162-96,nasv1234,,,,
abvd-1275,Ratagnon,rata1245,,btn,,
abvd-506,Tetun (Dili),tetu1246,,tdt,,
abvd-230,Sakao (Port-Olry),saka1289,,sku,,
abvd-764,Proto-Lampungic,lamp1241,,,,
abvd-563,Lengo,leng1259,,lgr,,
abvd-1292,Burmbar (Fartavo),burm1263,,vrt,,
abvd-1249,Neve'ei (Vinmavis),vinm1237,,vnm,,
abvd-953,Mondzi,mond1267,,,,
abvd-732,Sama (Sibutu),sout2918,,ssb,,
abvd-812,Rukai (Tanan L04),ruka1240,,dru,,
abvd-645,Ske (Seke),seke1241,,ske,,
abvd-301,Luang,luan1263,,lex,,
abvd-234,Zabana (Kia),zaba1237,,kji,,
abvd-607,Lampung Api (Way Lima),lamp1243,,ljp,,
abvd-859,Bikol (Bisakol),cent2087,,bcl,,
abvd-1436,Iduna,idun1242,,viv,,
abvd-37,Bughotu,bugh1239,,bgt,,
abvd-1282,Aulua (Loxse Lanfitfit),aulu1238,,aul,,
abvd-592,Palu'e (Nitung),palu1252,,ple,,
abvd-128,Rurutuan,aust1304,,aut,,
abvd-1336,Bariai,bari1286,,bch,,
abvd-1444,Motu,motu1246,,meu,,
abvd-99,Nengone,neng1238,,nen,,
abvd-1318,Malua Bay (Marasup),malu1245,,mll,,
abvd-1502,Wamoaŋ,waam1236,,wmn,,
abvd-16,Bobot,bobo1254,,bty,,
abvd-1177,Bierebo (Tavio),bier1244,,bnk,,
abvd-893,Mori Atas (Ulu'Uwoi),mori1269,,mzq,,
abvd-189,Tunjung,tunj1244,,tjg,,
abvd-361,Hainan Cham,tsat1238,,huq,,
abvd-529,Mono (Fauro),mono1273,,mte,,
abvd-668,Proto-Central Pacific,cent2060,,,,
abvd-1033,Baki,baki1244,,bki,,
abvd-615,Lampung Nyo (Abung/Kotabumi),lamp1242,,abl,,
abvd-1149,Valpei (Hukua),valp1237,,vlp,,
abvd-1524,Wasambua dialect of Cia-Cia,ciac1237,,cia,,
abvd-111,Peterara (Maewo),cent2058,,mwo,,
abvd-291,Koronadal Blaan,koro1310,,bpr,,
abvd-1217,Ninde (Lawa),labo1244,,mwi,,
abvd-1083,"Tanna, North",nort2847,,tnn,,
abvd-154,Dayak Ngaju,ngaj1237,,nij,,
abvd-62,Kenyah (Long Anap),main1275,,xkl,,
abvd-1011,Tutuba,tutu1241,,tmi,,
abvd-585,'Are'are (Ma'asupa Village),area1240,,alu,,
abvd-1361,Bebeli,bebe1252,,bek,,
abvd-1469,Proto Kenyah,keny1280,,,,
abvd-841,Long'an,cent2009,,zch,,
abvd-965,Kathu,kath1251,,ykt,,
abvd-156,Futuna-Aniwa,futu1245,,fut,,
abvd-738,Proto-Chamic,cham1330,,,,
abvd-285,Amara,amar1272,,aie,,
abvd-310,South-East Babar,sout2883,,vbb,,
abvd-715,Proto-Kam-Sui,kams1241,,,,
abvd-661,Karo Batak,bata1293,,btx,,
abvd-851,Klon,kelo1247,,kyo,,
abvd-980,Tangga (Feni),anir1237,,hrw,,
abvd-321,Baliledo,,,,,
abvd-734,Lao,laoo1244,,lao,,
abvd-614,Lampung Nyo (Abung/Sukadana),lamp1242,,abl,,
abvd-289,Babuyan,ivat1242,,ivv,,
abvd-21,Kilokaka (Ysabel),zaza1245,,jaj,,
abvd-866,Red Gelao,redg1235,,gir,,
abvd-772,Hlai (Baoding),hlai1239,,lic,,
abvd-243,Sikaiana,sika1261,,sky,,
abvd-1335,Mangseng,mang1403,,mbh,,
abvd-705,Naha,cent2126,,ryu,,
abvd-215,Ma'anyan,maan1238,,mhy,,
abvd-1423,Anuki,anuk1239,,aui,,
abvd-78,Yamdena,yamd1240,,jmd,,
abvd-268,Proto-Central Malayo Polynesian,cent2245,,,,
abvd-90,Melanau (Mukah),cent2101,,mel,,
abvd-982,Mentawai (Salappa),ment1249,,mwv,,
abvd-513,Waray-Waray,wara1300,,war,,
abvd-1167,Fortsenal,fort1240,,frt,,
abvd-914,Tomadino,toma1248,,tdi,,
abvd-1378,Andra,andr1248,,anx,,
abvd-787,Proto-Sino-Tibetan,sino1245,,,,
abvd-1291,Tirax (Bakru),maee1241,,mme,,
abvd-568,Marau,area1240,,alu,,
abvd-115,Roti (Termanu Dialect),term1237,,twu,,
abvd-1007,Bierebo (Yevali),bier1244,,bnk,,
abvd-11,Fijian (Bau),fiji1243,,fij,,
abvd-1483,Anesù,xara1244,,ane,,
abvd-227,Suau,suau1242,,swp,,
abvd-570,Fagani (Agufi),faga1239,,faf,,
abvd-1162,Apma,apma1240,,app,,
abvd-428,Kalagan,kala1388,,kqe,,
abvd-535,Vangunu,vang1243,,mpr,,
abvd-690,Proto-Kra,kada1291,,,,
abvd-106,Numfor,biak1248,,bhw,,
abvd-1124,"Efate, North (Sesake)",nort2836,,llp,,
abvd-987,Mentawai (Pasapuat),ment1249,,mwv,,
abvd-296,Iliun,iliu1237,,ilu,,
abvd-1384,Bipi,bipi1237,,biq,,
abvd-478,Low Malay (1773),stan1306,,zsm,,
abvd-481,Tahiti (1773),tahi1242,,tah,,
abvd-897,Mori Bawah (Karunsi'E),mori1268,,xmz,,
abvd-254,Yami,yami1254,,tao,,
abvd-654,Marquesan (Nukuhiva dialect),nort2845,,mrq,,
abvd-744,Jarai,jara1266,,jra,,
abvd-343,Satawalese,sata1237,,stw,,
abvd-8,Geser,gese1240,,ges,,
abvd-1442,Misima,misi1243,,mpx,,
abvd-10,Gimán,gane1237,,gzn,,
abvd-658,Proto-Polynesian,poly1242,,,,
abvd-942,Bao'an 保安语,bona1250,,peh,,
abvd-639,Hiw,hiww1237,,hiw,,
abvd-1018,Uripiv-Wala-Rano-Atchin (Rano),urip1239,,upv,,
abvd-815,Rukai (Tona),ruka1240,,dru,,
abvd-1035,Axamb (Maxbaxo),axam1237,,ahb,,
abvd-1464,Proto-Subanen,suba1253,,,,
abvd-117,Roviana,rovi1238,,rug,,
abvd-729,Gelao (Hongfeng),whit1267,,giw,,
abvd-798,"Daa kaka (West Ambrym, Vanuatu)",daka1243,,bpa,,
abvd-624,Bajo (Lauru),indo1317,,bdl,,
abvd-273,Saaroa F69,saar1237,,sxr,,
abvd-1143,Paama (Laul),paam1238,,pma,,
abvd-13,Hanunóo,hanu1241,,hnn,,
abvd-784,Maonan,maon1241,,mmd,,
abvd-886,Mori Atas (Impo),mori1269,,mzq,,
abvd-518,Ughele,ughe1237,,uge,,
abvd-961,Bugan (Nala),buga1247,,bbh,,
abvd-621,Bajo (Kayuadi),indo1317,,bdl,,
abvd-1315,Aitchin (Small Island),urip1239,,upv,,
abvd-1186,Malagasy (Tandroy),tand1256,,tdx,,
abvd-1283,Maraxus,mara1399,,mrs,,
abvd-880,Bungku (Tulambatu),bung1269,,bkz,,
abvd-274,Saisiyat F69,sais1237,,xsy,,
abvd-1106,Lelepa (Pango),lele1267,,lpa,,
abvd-1450,Proto Suauic,suau1243,,,,
abvd-258,"Uvea, East",wall1257,,wls,,
abvd-852,Maybrat,maib1239,,ayz,,
abvd-1489,Kapone,nume1242,,kdk,,
abvd-678,Itawis,itaw1240,,itv,,
abvd-1150,Rerep,rere1240,,pgk,,
